{
  "analysis_timestamp": "2025-11-23T18:36:43.895198",
  "audio_file": "df907eac-605f-45bd-a9bf-df84e79e07ef.mp3",
  "status": "completed",
  "metadata": {
    "filename": "df907eac-605f-45bd-a9bf-df84e79e07ef.mp3",
    "file_size_bytes": 562029,
    "file_size_mb": 0.54,
    "format": "MP3",
    "duration_seconds": 45.53,
    "duration_formatted": "0:45",
    "sample_rate": 48000,
    "channels": 1,
    "total_samples": 2185608,
    "bitrate_estimate": 98.75,
    "created": "2025-11-23T18:36:43.894415",
    "modified": "2025-11-23T18:36:43.894415",
    "md5": "317c3b1f24e2827534b6ccfc4bda14db",
    "sha256": "0690c2b0d0b887ffb09e05a28bab966266d825b90f2dc9e3ad742eec9560cb0a"
  },
  "spectral_analysis": {
    "spectrogram": "/tmp/audio_outputs/70c99adcc0b24305a44d5120151c7d89/spectrogram.png",
    "spectral_centroid_mean": 1537.06,
    "spectral_centroid_std": 1014.91,
    "spectral_rolloff_mean": 2974.92,
    "anomaly_score": 11.49,
    "interpretation": "High"
  },
  "waveform_analysis": {
    "error": "Waveform analysis failed: '_process_plot_var_args' object has no attribute 'prop_cycler'"
  },
  "noise_analysis": {
    "noise_segments_analyzed": 33,
    "noise_inconsistency": 6.17,
    "zero_crossing_rate_std": 0.0409,
    "total_noise_score": 10.26,
    "interpretation": "Medium"
  },
  "tampering_detection": {
    "onset_density": 4.88,
    "spectral_contrast_std": 14.68,
    "phase_discontinuity_rate": 314.4762,
    "tampering_score": 45,
    "interpretation": "Medium"
  },
  "vad": {
    "vad_plot": "/tmp/audio_outputs/70c99adcc0b24305a44d5120151c7d89/voice_activity.png",
    "total_duration": 45.53,
    "speech_duration": 28.19,
    "silence_duration": 17.34,
    "speech_ratio": 61.91,
    "segments_detected": 104,
    "speaker_count": 1,
    "transcription": "No clear speech detected"
  },
  "enhancement": {
    "enhanced_audio": "/tmp/audio_outputs/70c99adcc0b24305a44d5120151c7d89/enhanced_audio.wav",
    "noise_reduction_applied": true,
    "normalization_applied": true
  },
  "noise_floor_analysis": {
    "noise_floor_plot": "/tmp/audio_outputs/70c99adcc0b24305a44d5120151c7d89/noise_floor_analysis.png",
    "anomaly_count": 2,
    "anomaly_timestamps": [
      9,
      10
    ],
    "noise_floor_std": 1e-06,
    "interpretation": "Low"
  },
  "harmonic_analysis": {
    "harmonic_gap_percentage": 0.0,
    "unnatural_pitch_jumps": 158,
    "pitch_stability": 387.36,
    "ai_voice_likelihood": 30,
    "interpretation": "Likely Human"
  },
  "breath_analysis": {
    "expected_breaths": 11.4,
    "detected_breaths": 26,
    "breath_deficit": 0,
    "missing_percentage": 0.0,
    "breath_timestamps": [
      0.0,
      3.62,
      4.85,
      5.05,
      8.92,
      9.88,
      11.32,
      11.52,
      12.48,
      15.82,
      16.7,
      17.85,
      18.98,
      21.14,
      25.95,
      28.82,
      31.67,
      32.1,
      32.57,
      33.55
    ],
    "interpretation": "Natural"
  },
  "compression_analysis": {
    "histogram_peaks": 11,
    "block_regularity_score": 20.8912,
    "clipped_samples": 20,
    "reencoding_likelihood": 40,
    "interpretation": "Possible Re-encoding"
  },
  "copy_move_analysis": {
    "copy_move_plot": "/tmp/audio_outputs/70c99adcc0b24305a44d5120151c7d89/copy_move.png",
    "duplicate_segments_found": 40218,
    "duplicate_pairs": [
      [
        0.0,
        2.24,
        0.954
      ],
      [
        0.0,
        2.35,
        0.961
      ],
      [
        0.0,
        2.45,
        0.959
      ],
      [
        0.0,
        2.56,
        0.95
      ],
      [
        0.0,
        3.52,
        0.956
      ],
      [
        0.0,
        3.63,
        0.952
      ],
      [
        0.0,
        4.48,
        0.956
      ],
      [
        0.0,
        4.59,
        0.957
      ],
      [
        0.0,
        4.69,
        0.963
      ],
      [
        0.0,
        4.8,
        0.965
      ]
    ],
    "interpretation": "High Duplication"
  },
  "splice_detection": {
    "splice_detection_plot": "/tmp/audio_outputs/70c99adcc0b24305a44d5120151c7d89/splice_detection.png",
    "splice_count": 16,
    "splice_timestamps": [
      1.547,
      6.027,
      6.165,
      6.176,
      6.187,
      6.251,
      7.755,
      11.061,
      11.115,
      18.517,
      18.528,
      22.592,
      22.603,
      29.621,
      36.011,
      39.915
    ],
    "confidence": "High"
  },
  "user_friendly_summary": {
    "status": "\ud83d\udfe2 LOW RISK",
    "authenticity_score": 74.75,
    "tampering_probability": "25.25%",
    "spectral_analysis_summary": "Unusual frequency patterns detected (possible editing)",
    "voice_activity_summary": "Natural speech rhythm with 1 speaker(s) detected",
    "tampering_summary": "Audio has been edited - 16 splice points found",
    "speaker_count": 1,
    "transcription": "No clear speech detected",
    "recommendation": "This audio appears mostly authentic, but always verify important claims.",
    "splice_locations": [
      1.547,
      6.027,
      6.165,
      6.176,
      6.187,
      6.251,
      7.755,
      11.061,
      11.115,
      18.517,
      18.528,
      22.592,
      22.603,
      29.621,
      36.011,
      39.915
    ],
    "audio_info": {
      "format": "MP3",
      "duration": "0:45",
      "sample_rate": "48000 Hz",
      "file_size": "0.54 MB",
      "bitrate": "98.75 kbps"
    }
  }
}